<NotepadPlus>
    <UserLang name="reStructuredText_drac" ext="rst" udlVersion="2.1">
        <Settings>
            <Global caseIgnored="yes" allowFoldOfComments="no" foldCompact="no" forcePureLC="0" decimalSeparator="0" />
            <Prefix Keywords1="yes" Keywords2="yes" Keywords3="no" Keywords4="no" Keywords5="yes" Keywords6="yes" Keywords7="no" Keywords8="no" />
        </Settings>
        <KeywordLists>
            <Keywords name="Comments">00 01 02 03 04</Keywords>
            <Keywords name="Numbers, prefix1"></Keywords>
            <Keywords name="Numbers, prefix2"></Keywords>
            <Keywords name="Numbers, extras1"></Keywords>
            <Keywords name="Numbers, extras2"></Keywords>
            <Keywords name="Numbers, suffix1">.</Keywords>
            <Keywords name="Numbers, suffix2"></Keywords>
            <Keywords name="Numbers, range"></Keywords>
            <Keywords name="Operators1"></Keywords>
            <Keywords name="Operators2"></Keywords>
            <Keywords name="Folders in code1, open"></Keywords>
            <Keywords name="Folders in code1, middle"></Keywords>
            <Keywords name="Folders in code1, close"></Keywords>
            <Keywords name="Folders in code2, open"></Keywords>
            <Keywords name="Folders in code2, middle"></Keywords>
            <Keywords name="Folders in code2, close"></Keywords>
            <Keywords name="Folders in comment, open"></Keywords>
            <Keywords name="Folders in comment, middle"></Keywords>
            <Keywords name="Folders in comment, close"></Keywords>
            <Keywords name="Keywords1">&gt; :a :b :c :d :e :f :g :h :i :j :k :l :m :n :o :p :q :r :s :t :u :v :w :x :y :z</Keywords>
            <Keywords name="Keywords2">http &lt;http ftp:// ftps:// &lt;ftp</Keywords>
            <Keywords name="Keywords3">admonition:: attention:: caution:: class:: code:: compound:: container:: contents:: csv-table:: danger:: date:: default-role:: epigraph:: error:: figure:: footer:: header:: highlights:: hint:: image:: important:: include:: line-block:: list-table:: math:: meta:: note:: parsed-literal:: pull-quote:: raw:: replace:: role:: rubric:: section-autonumbering:: sectnum:: sidebar:: table:: target-notes:: tip:: title:: toctree:: topic:: unicode:: warning::</Keywords>
            <Keywords name="Keywords4">#. - +</Keywords>
            <Keywords name="Keywords5">== -- ^^ ~~ +== +--</Keywords>
            <Keywords name="Keywords6">_</Keywords>
            <Keywords name="Keywords7"></Keywords>
            <Keywords name="Keywords8"></Keywords>
            <Keywords name="Delimiters">00[ 00`` 00` 00| 01 02] 02`` 02` 02((| EOL)) 03_` 04 05` 06** 06* 07 08((** EOL)) 08((* EOL)) 09 10 11 12 13 14 15 16 17 18 19 20 21 22 23</Keywords>
        </KeywordLists>
        <Styles>
            <WordsStyle name="DEFAULT" fgColor="F8F8F2" bgColor="282A36" fontName="&#x000F;" fontStyle="0" nesting="0" />
            <WordsStyle name="COMMENTS" fgColor="000000" bgColor="FFFFFF" fontName="" fontStyle="0" nesting="0" />
            <WordsStyle name="LINE COMMENTS" fgColor="000000" bgColor="FFFFFF" fontName="000000" fontStyle="0" nesting="0" />
            <WordsStyle name="NUMBERS" fgColor="8080FF" bgColor="FFFFFF" fontName="0" fontStyle="3" nesting="0" />
            <WordsStyle name="KEYWORDS1" fgColor="FFB86C" bgColor="282A36" fontName="&#x000F;" fontStyle="1" fontSize="10" nesting="0" />
            <WordsStyle name="KEYWORDS2" fgColor="8BE9FD" bgColor="282A36" fontName="&#x000F;" fontStyle="4" nesting="0" />
            <WordsStyle name="KEYWORDS3" fgColor="FFB86C" bgColor="282A36" fontName="0000FF" fontStyle="1" nesting="0" />
            <WordsStyle name="KEYWORDS4" fgColor="8BE9FD" bgColor="282A36" fontName="cs" fontStyle="3" nesting="0" />
            <WordsStyle name="KEYWORDS5" fgColor="FFB86C" bgColor="282A36" fontName="&#x000F;" fontStyle="0" nesting="0" />
            <WordsStyle name="KEYWORDS6" fgColor="8BE9FD" bgColor="282A36" fontName="&#x000F;" fontStyle="0" nesting="0" />
            <WordsStyle name="KEYWORDS7" fgColor="000000" bgColor="FFFFFF" fontName="&#x000F;" fontStyle="0" nesting="0" />
            <WordsStyle name="KEYWORDS8" fgColor="000000" bgColor="FFFFFF" fontName="&#x000F;" fontStyle="0" nesting="0" />
            <WordsStyle name="OPERATORS" fgColor="FF5555" bgColor="282A36" fontName="" fontStyle="0" nesting="0" />
            <WordsStyle name="FOLDER IN CODE1" fgColor="000000" bgColor="FFFFFF" fontName="17" fontStyle="0" nesting="0" />
            <WordsStyle name="FOLDER IN CODE2" fgColor="000000" bgColor="FFFFFF" fontName="FFFFFF" fontStyle="0" nesting="0" />
            <WordsStyle name="FOLDER IN COMMENT" fgColor="000000" bgColor="FFFFFF" fontName="0" fontStyle="0" nesting="0" />
            <WordsStyle name="DELIMITERS1" fgColor="FFB86C" bgColor="282A36" fontName="18" fontStyle="0" nesting="0" />
            <WordsStyle name="DELIMITERS2" fgColor="BD93F9" bgColor="282A36" fontName="" fontStyle="2" nesting="0" />
            <WordsStyle name="DELIMITERS3" fgColor="FFB86C" bgColor="282A36" fontName="0" fontStyle="0" nesting="0" />
            <WordsStyle name="DELIMITERS4" fgColor="000000" bgColor="FFFFFF" fontName="5" fontStyle="0" nesting="0" />
            <WordsStyle name="DELIMITERS5" fgColor="000000" bgColor="FFFFFF" fontName="" fontStyle="0" nesting="0" />
            <WordsStyle name="DELIMITERS6" fgColor="000000" bgColor="FFFFFF" fontName="0" fontStyle="0" nesting="0" />
            <WordsStyle name="DELIMITERS7" fgColor="000000" bgColor="FFFFFF" fontName="FFFFFF" fontStyle="0" nesting="0" />
            <WordsStyle name="DELIMITERS8" fgColor="000000" bgColor="FFFFFF" fontName="" fontStyle="0" nesting="0" />
        </Styles>
    </UserLang>
</NotepadPlus>
